{"frames":{"PrawnMoveDown00001":{"frame":{"x":2400,"y":2746,"w":230,"h":250},"rotated":false,"trimmed":false,"spriteSourceSize":{"x":0,"y":0,"w":230,"h":250},"sourceSize":{"w":230,"h":250}},"PrawnMoveDown00002":{"frame":{"x":720,"y":3266,"w":230,"h":250},"rotated":false,"trimmed":false,"spriteSourceSize":{"x":0,"y":0,"w":230,"h":250},"sourceSize":{"w":230,"h":250}},"PrawnMoveDown00003":{"frame":{"x":2640,"y":2746,"w":230,"h":250},"rotated":false,"trimmed":false,"spriteSourceSize":{"x":0,"y":0,"w":230,"h":250},"sourceSize":{"w":230,"h":250}},"PrawnMoveDown00004":{"frame":{"x":2880,"y":2746,"w":230,"h":250},"rotated":false,"trimmed":false,"spriteSourceSize":{"x":0,"y":0,"w":230,"h":250},"sourceSize":{"w":230,"h":250}},"PrawnMoveDown00005":{"frame":{"x":0,"y":3006,"w":230,"h":250},"rotated":false,"trimmed":false,"spriteSourceSize":{"x":0,"y":0,"w":230,"h":250},"sourceSize":{"w":230,"h":250}},"PrawnMoveDown00006":{"frame":{"x":240,"y":3006,"w":230,"h":250},"rotated":false,"trimmed":false,"spriteSourceSize":{"x":0,"y":0,"w":230,"h":250},"sourceSize":{"w":230,"h":250}},"PrawnMoveDown00007":{"frame":{"x":480,"y":3006,"w":230,"h":250},"rotated":false,"trimmed":false,"spriteSourceSize":{"x":0,"y":0,"w":230,"h":250},"sourceSize":{"w":230,"h":250}},"PrawnMoveDown00008":{"frame":{"x":720,"y":3006,"w":230,"h":250},"rotated":false,"trimmed":false,"spriteSourceSize":{"x":0,"y":0,"w":230,"h":250},"sourceSize":{"w":230,"h":250}},"PrawnMoveDown00009":{"frame":{"x":960,"y":3006,"w":230,"h":250},"rotated":false,"trimmed":false,"spriteSourceSize":{"x":0,"y":0,"w":230,"h":250},"sourceSize":{"w":230,"h":250}},"PrawnMoveDown00010":{"frame":{"x":1200,"y":3006,"w":230,"h":250},"rotated":false,"trimmed":false,"spriteSourceSize":{"x":0,"y":0,"w":230,"h":250},"sourceSize":{"w":230,"h":250}},"PrawnMoveDown00011":{"frame":{"x":1440,"y":3006,"w":230,"h":250},"rotated":false,"trimmed":false,"spriteSourceSize":{"x":0,"y":0,"w":230,"h":250},"sourceSize":{"w":230,"h":250}},"PrawnMoveForward00001":{"frame":{"x":1680,"y":3006,"w":230,"h":250},"rotated":false,"trimmed":false,"spriteSourceSize":{"x":0,"y":0,"w":230,"h":250},"sourceSize":{"w":230,"h":250}},"PrawnMoveForward00002":{"frame":{"x":1920,"y":3006,"w":230,"h":250},"rotated":false,"trimmed":false,"spriteSourceSize":{"x":0,"y":0,"w":230,"h":250},"sourceSize":{"w":230,"h":250}},"PrawnMoveForward00003":{"frame":{"x":2160,"y":3006,"w":230,"h":250},"rotated":false,"trimmed":false,"spriteSourceSize":{"x":0,"y":0,"w":230,"h":250},"sourceSize":{"w":230,"h":250}},"PrawnMoveForward00004":{"frame":{"x":2400,"y":3006,"w":230,"h":250},"rotated":false,"trimmed":false,"spriteSourceSize":{"x":0,"y":0,"w":230,"h":250},"sourceSize":{"w":230,"h":250}},"PrawnMoveForward00005":{"frame":{"x":2640,"y":3006,"w":230,"h":250},"rotated":false,"trimmed":false,"spriteSourceSize":{"x":0,"y":0,"w":230,"h":250},"sourceSize":{"w":230,"h":250}},"PrawnMoveForward00006":{"frame":{"x":2880,"y":3006,"w":230,"h":250},"rotated":false,"trimmed":false,"spriteSourceSize":{"x":0,"y":0,"w":230,"h":250},"sourceSize":{"w":230,"h":250}},"PrawnMoveForward00007":{"frame":{"x":3210,"y":0,"w":230,"h":250},"rotated":false,"trimmed":false,"spriteSourceSize":{"x":0,"y":0,"w":230,"h":250},"sourceSize":{"w":230,"h":250}},"PrawnMoveForward00008":{"frame":{"x":3210,"y":260,"w":230,"h":250},"rotated":false,"trimmed":false,"spriteSourceSize":{"x":0,"y":0,"w":230,"h":250},"sourceSize":{"w":230,"h":250}},"PrawnMoveForward00009":{"frame":{"x":3210,"y":520,"w":230,"h":250},"rotated":false,"trimmed":false,"spriteSourceSize":{"x":0,"y":0,"w":230,"h":250},"sourceSize":{"w":230,"h":250}},"PrawnMoveForward00010":{"frame":{"x":3210,"y":780,"w":230,"h":250},"rotated":false,"trimmed":false,"spriteSourceSize":{"x":0,"y":0,"w":230,"h":250},"sourceSize":{"w":230,"h":250}},"PrawnMoveForward00011":{"frame":{"x":3210,"y":1040,"w":230,"h":250},"rotated":false,"trimmed":false,"spriteSourceSize":{"x":0,"y":0,"w":230,"h":250},"sourceSize":{"w":230,"h":250}},"PrawnMoveIdle00001":{"frame":{"x":310,"y":2436,"w":230,"h":250},"rotated":false,"trimmed":false,"spriteSourceSize":{"x":0,"y":0,"w":230,"h":250},"sourceSize":{"w":230,"h":250}},"PrawnMoveIdle00002":{"frame":{"x":550,"y":2436,"w":230,"h":250},"rotated":false,"trimmed":false,"spriteSourceSize":{"x":0,"y":0,"w":230,"h":250},"sourceSize":{"w":230,"h":250}},"PrawnMoveIdle00003":{"frame":{"x":790,"y":2436,"w":230,"h":250},"rotated":false,"trimmed":false,"spriteSourceSize":{"x":0,"y":0,"w":230,"h":250},"sourceSize":{"w":230,"h":250}},"PrawnMoveIdle00004":{"frame":{"x":1030,"y":2436,"w":230,"h":250},"rotated":false,"trimmed":false,"spriteSourceSize":{"x":0,"y":0,"w":230,"h":250},"sourceSize":{"w":230,"h":250}},"PrawnMoveIdle00005":{"frame":{"x":1270,"y":2436,"w":230,"h":250},"rotated":false,"trimmed":false,"spriteSourceSize":{"x":0,"y":0,"w":230,"h":250},"sourceSize":{"w":230,"h":250}},"PrawnMoveIdle00006":{"frame":{"x":1510,"y":2436,"w":230,"h":250},"rotated":false,"trimmed":false,"spriteSourceSize":{"x":0,"y":0,"w":230,"h":250},"sourceSize":{"w":230,"h":250}},"PrawnMoveIdle00007":{"frame":{"x":1750,"y":2436,"w":230,"h":250},"rotated":false,"trimmed":false,"spriteSourceSize":{"x":0,"y":0,"w":230,"h":250},"sourceSize":{"w":230,"h":250}},"PrawnMoveIdle00008":{"frame":{"x":1990,"y":2436,"w":230,"h":250},"rotated":false,"trimmed":false,"spriteSourceSize":{"x":0,"y":0,"w":230,"h":250},"sourceSize":{"w":230,"h":250}},"PrawnMoveIdle00009":{"frame":{"x":2230,"y":2436,"w":230,"h":250},"rotated":false,"trimmed":false,"spriteSourceSize":{"x":0,"y":0,"w":230,"h":250},"sourceSize":{"w":230,"h":250}},"PrawnMoveIdle00010":{"frame":{"x":2470,"y":2436,"w":230,"h":250},"rotated":false,"trimmed":false,"spriteSourceSize":{"x":0,"y":0,"w":230,"h":250},"sourceSize":{"w":230,"h":250}},"PrawnMoveIdle00011":{"frame":{"x":2710,"y":2436,"w":230,"h":250},"rotated":false,"trimmed":false,"spriteSourceSize":{"x":0,"y":0,"w":230,"h":250},"sourceSize":{"w":230,"h":250}},"PrawnMoveUp00001":{"frame":{"x":2950,"y":2436,"w":230,"h":250},"rotated":false,"trimmed":false,"spriteSourceSize":{"x":0,"y":0,"w":230,"h":250},"sourceSize":{"w":230,"h":250}},"PrawnMoveUp00002":{"frame":{"x":0,"y":2746,"w":230,"h":250},"rotated":false,"trimmed":false,"spriteSourceSize":{"x":0,"y":0,"w":230,"h":250},"sourceSize":{"w":230,"h":250}},"PrawnMoveUp00003":{"frame":{"x":240,"y":2746,"w":230,"h":250},"rotated":false,"trimmed":false,"spriteSourceSize":{"x":0,"y":0,"w":230,"h":250},"sourceSize":{"w":230,"h":250}},"PrawnMoveUp00004":{"frame":{"x":480,"y":2746,"w":230,"h":250},"rotated":false,"trimmed":false,"spriteSourceSize":{"x":0,"y":0,"w":230,"h":250},"sourceSize":{"w":230,"h":250}},"PrawnMoveUp00005":{"frame":{"x":720,"y":2746,"w":230,"h":250},"rotated":false,"trimmed":false,"spriteSourceSize":{"x":0,"y":0,"w":230,"h":250},"sourceSize":{"w":230,"h":250}},"PrawnMoveUp00006":{"frame":{"x":960,"y":2746,"w":230,"h":250},"rotated":false,"trimmed":false,"spriteSourceSize":{"x":0,"y":0,"w":230,"h":250},"sourceSize":{"w":230,"h":250}},"PrawnMoveUp00007":{"frame":{"x":1200,"y":2746,"w":230,"h":250},"rotated":false,"trimmed":false,"spriteSourceSize":{"x":0,"y":0,"w":230,"h":250},"sourceSize":{"w":230,"h":250}},"PrawnMoveUp00008":{"frame":{"x":1440,"y":2746,"w":230,"h":250},"rotated":false,"trimmed":false,"spriteSourceSize":{"x":0,"y":0,"w":230,"h":250},"sourceSize":{"w":230,"h":250}},"PrawnMoveUp00009":{"frame":{"x":1680,"y":2746,"w":230,"h":250},"rotated":false,"trimmed":false,"spriteSourceSize":{"x":0,"y":0,"w":230,"h":250},"sourceSize":{"w":230,"h":250}},"PrawnMoveUp00010":{"frame":{"x":1920,"y":2746,"w":230,"h":250},"rotated":false,"trimmed":false,"spriteSourceSize":{"x":0,"y":0,"w":230,"h":250},"sourceSize":{"w":230,"h":250}},"PrawnMoveUp00011":{"frame":{"x":2160,"y":2746,"w":230,"h":250},"rotated":false,"trimmed":false,"spriteSourceSize":{"x":0,"y":0,"w":230,"h":250},"sourceSize":{"w":230,"h":250}},"crabIdle00001":{"frame":{"x":2304,"y":3703,"w":182,"h":167},"rotated":false,"trimmed":false,"spriteSourceSize":{"x":0,"y":0,"w":182,"h":167},"sourceSize":{"w":182,"h":167}},"crabIdle00002":{"frame":{"x":2112,"y":3703,"w":182,"h":167},"rotated":false,"trimmed":false,"spriteSourceSize":{"x":0,"y":0,"w":182,"h":167},"sourceSize":{"w":182,"h":167}},"crabIdle00003":{"frame":{"x":1920,"y":3703,"w":182,"h":167},"rotated":false,"trimmed":false,"spriteSourceSize":{"x":0,"y":0,"w":182,"h":167},"sourceSize":{"w":182,"h":167}},"crabIdle00004":{"frame":{"x":1728,"y":3703,"w":182,"h":167},"rotated":false,"trimmed":false,"spriteSourceSize":{"x":0,"y":0,"w":182,"h":167},"sourceSize":{"w":182,"h":167}},"crabIdle00005":{"frame":{"x":1536,"y":3703,"w":182,"h":167},"rotated":false,"trimmed":false,"spriteSourceSize":{"x":0,"y":0,"w":182,"h":167},"sourceSize":{"w":182,"h":167}},"crabIdle00006":{"frame":{"x":1344,"y":3703,"w":182,"h":167},"rotated":false,"trimmed":false,"spriteSourceSize":{"x":0,"y":0,"w":182,"h":167},"sourceSize":{"w":182,"h":167}},"crabIdle00007":{"frame":{"x":1152,"y":3703,"w":182,"h":167},"rotated":false,"trimmed":false,"spriteSourceSize":{"x":0,"y":0,"w":182,"h":167},"sourceSize":{"w":182,"h":167}},"crabIdle00008":{"frame":{"x":3450,"y":3120,"w":182,"h":167},"rotated":false,"trimmed":false,"spriteSourceSize":{"x":0,"y":0,"w":182,"h":167},"sourceSize":{"w":182,"h":167}},"crabIdle00009":{"frame":{"x":768,"y":3703,"w":182,"h":167},"rotated":false,"trimmed":false,"spriteSourceSize":{"x":0,"y":0,"w":182,"h":167},"sourceSize":{"w":182,"h":167}},"crabIdle00010":{"frame":{"x":576,"y":3703,"w":182,"h":167},"rotated":false,"trimmed":false,"spriteSourceSize":{"x":0,"y":0,"w":182,"h":167},"sourceSize":{"w":182,"h":167}},"crabIdle00011":{"frame":{"x":384,"y":3703,"w":182,"h":167},"rotated":false,"trimmed":false,"spriteSourceSize":{"x":0,"y":0,"w":182,"h":167},"sourceSize":{"w":182,"h":167}},"crabIdle00012":{"frame":{"x":192,"y":3703,"w":182,"h":167},"rotated":false,"trimmed":false,"spriteSourceSize":{"x":0,"y":0,"w":182,"h":167},"sourceSize":{"w":182,"h":167}},"crabIdle00013":{"frame":{"x":0,"y":3703,"w":182,"h":167},"rotated":false,"trimmed":false,"spriteSourceSize":{"x":0,"y":0,"w":182,"h":167},"sourceSize":{"w":182,"h":167}},"crabIdle00014":{"frame":{"x":3456,"y":3526,"w":182,"h":167},"rotated":false,"trimmed":false,"spriteSourceSize":{"x":0,"y":0,"w":182,"h":167},"sourceSize":{"w":182,"h":167}},"crabIdle00015":{"frame":{"x":3264,"y":3526,"w":182,"h":167},"rotated":false,"trimmed":false,"spriteSourceSize":{"x":0,"y":0,"w":182,"h":167},"sourceSize":{"w":182,"h":167}},"crabIdle00016":{"frame":{"x":3072,"y":3526,"w":182,"h":167},"rotated":false,"trimmed":false,"spriteSourceSize":{"x":0,"y":0,"w":182,"h":167},"sourceSize":{"w":182,"h":167}},"crabIdle00017":{"frame":{"x":2880,"y":3526,"w":182,"h":167},"rotated":false,"trimmed":false,"spriteSourceSize":{"x":0,"y":0,"w":182,"h":167},"sourceSize":{"w":182,"h":167}},"crabMove00001":{"frame":{"x":2688,"y":3526,"w":182,"h":167},"rotated":false,"trimmed":false,"spriteSourceSize":{"x":0,"y":0,"w":182,"h":167},"sourceSize":{"w":182,"h":167}},"crabMove00002":{"frame":{"x":2496,"y":3526,"w":182,"h":167},"rotated":false,"trimmed":false,"spriteSourceSize":{"x":0,"y":0,"w":182,"h":167},"sourceSize":{"w":182,"h":167}},"crabMove00003":{"frame":{"x":2304,"y":3526,"w":182,"h":167},"rotated":false,"trimmed":false,"spriteSourceSize":{"x":0,"y":0,"w":182,"h":167},"sourceSize":{"w":182,"h":167}},"crabMove00004":{"frame":{"x":2112,"y":3526,"w":182,"h":167},"rotated":false,"trimmed":false,"spriteSourceSize":{"x":0,"y":0,"w":182,"h":167},"sourceSize":{"w":182,"h":167}},"crabMove00005":{"frame":{"x":1920,"y":3526,"w":182,"h":167},"rotated":false,"trimmed":false,"spriteSourceSize":{"x":0,"y":0,"w":182,"h":167},"sourceSize":{"w":182,"h":167}},"crabMove00006":{"frame":{"x":1728,"y":3526,"w":182,"h":167},"rotated":false,"trimmed":false,"spriteSourceSize":{"x":0,"y":0,"w":182,"h":167},"sourceSize":{"w":182,"h":167}},"crabMove00007":{"frame":{"x":1536,"y":3526,"w":182,"h":167},"rotated":false,"trimmed":false,"spriteSourceSize":{"x":0,"y":0,"w":182,"h":167},"sourceSize":{"w":182,"h":167}},"crabMove00008":{"frame":{"x":1344,"y":3526,"w":182,"h":167},"rotated":false,"trimmed":false,"spriteSourceSize":{"x":0,"y":0,"w":182,"h":167},"sourceSize":{"w":182,"h":167}},"crabMove00009":{"frame":{"x":1152,"y":3526,"w":182,"h":167},"rotated":false,"trimmed":false,"spriteSourceSize":{"x":0,"y":0,"w":182,"h":167},"sourceSize":{"w":182,"h":167}},"crabMove00010":{"frame":{"x":960,"y":3526,"w":182,"h":167},"rotated":false,"trimmed":false,"spriteSourceSize":{"x":0,"y":0,"w":182,"h":167},"sourceSize":{"w":182,"h":167}},"crabMove00011":{"frame":{"x":768,"y":3526,"w":182,"h":167},"rotated":false,"trimmed":false,"spriteSourceSize":{"x":0,"y":0,"w":182,"h":167},"sourceSize":{"w":182,"h":167}},"crabMove00012":{"frame":{"x":576,"y":3526,"w":182,"h":167},"rotated":false,"trimmed":false,"spriteSourceSize":{"x":0,"y":0,"w":182,"h":167},"sourceSize":{"w":182,"h":167}},"crabMove00013":{"frame":{"x":384,"y":3526,"w":182,"h":167},"rotated":false,"trimmed":false,"spriteSourceSize":{"x":0,"y":0,"w":182,"h":167},"sourceSize":{"w":182,"h":167}},"crabMove00014":{"frame":{"x":192,"y":3526,"w":182,"h":167},"rotated":false,"trimmed":false,"spriteSourceSize":{"x":0,"y":0,"w":182,"h":167},"sourceSize":{"w":182,"h":167}},"crabMove00015":{"frame":{"x":2496,"y":3703,"w":182,"h":167},"rotated":false,"trimmed":false,"spriteSourceSize":{"x":0,"y":0,"w":182,"h":167},"sourceSize":{"w":182,"h":167}},"crabMove00016":{"frame":{"x":0,"y":3526,"w":182,"h":167},"rotated":false,"trimmed":false,"spriteSourceSize":{"x":0,"y":0,"w":182,"h":167},"sourceSize":{"w":182,"h":167}},"crabMove00017":{"frame":{"x":960,"y":3703,"w":182,"h":167},"rotated":false,"trimmed":false,"spriteSourceSize":{"x":0,"y":0,"w":182,"h":167},"sourceSize":{"w":182,"h":167}},"crabMove00018":{"frame":{"x":3450,"y":3297,"w":182,"h":167},"rotated":false,"trimmed":false,"spriteSourceSize":{"x":0,"y":0,"w":182,"h":167},"sourceSize":{"w":182,"h":167}},"PrawnGrab00001":{"frame":{"x":1680,"y":3266,"w":230,"h":250},"rotated":false,"trimmed":false,"spriteSourceSize":{"x":0,"y":0,"w":230,"h":250},"sourceSize":{"w":230,"h":250}},"PrawnGrab00002":{"frame":{"x":1920,"y":3266,"w":230,"h":250},"rotated":false,"trimmed":false,"spriteSourceSize":{"x":0,"y":0,"w":230,"h":250},"sourceSize":{"w":230,"h":250}},"PrawnGrab00003":{"frame":{"x":2160,"y":3266,"w":230,"h":250},"rotated":false,"trimmed":false,"spriteSourceSize":{"x":0,"y":0,"w":230,"h":250},"sourceSize":{"w":230,"h":250}},"PrawnGrab00004":{"frame":{"x":2400,"y":3266,"w":230,"h":250},"rotated":false,"trimmed":false,"spriteSourceSize":{"x":0,"y":0,"w":230,"h":250},"sourceSize":{"w":230,"h":250}},"PrawnGrab00005":{"frame":{"x":2640,"y":3266,"w":230,"h":250},"rotated":false,"trimmed":false,"spriteSourceSize":{"x":0,"y":0,"w":230,"h":250},"sourceSize":{"w":230,"h":250}},"PrawnGrab00006":{"frame":{"x":2880,"y":3266,"w":230,"h":250},"rotated":false,"trimmed":false,"spriteSourceSize":{"x":0,"y":0,"w":230,"h":250},"sourceSize":{"w":230,"h":250}},"PrawnGrab00007":{"frame":{"x":3120,"y":3266,"w":230,"h":250},"rotated":false,"trimmed":false,"spriteSourceSize":{"x":0,"y":0,"w":230,"h":250},"sourceSize":{"w":230,"h":250}},"PrawnGrab00008":{"frame":{"x":3450,"y":0,"w":230,"h":250},"rotated":false,"trimmed":false,"spriteSourceSize":{"x":0,"y":0,"w":230,"h":250},"sourceSize":{"w":230,"h":250}},"PrawnGrab00009":{"frame":{"x":3450,"y":260,"w":230,"h":250},"rotated":false,"trimmed":false,"spriteSourceSize":{"x":0,"y":0,"w":230,"h":250},"sourceSize":{"w":230,"h":250}},"PrawnGrab00010":{"frame":{"x":3450,"y":520,"w":230,"h":250},"rotated":false,"trimmed":false,"spriteSourceSize":{"x":0,"y":0,"w":230,"h":250},"sourceSize":{"w":230,"h":250}},"PrawnGrab00011":{"frame":{"x":3450,"y":780,"w":230,"h":250},"rotated":false,"trimmed":false,"spriteSourceSize":{"x":0,"y":0,"w":230,"h":250},"sourceSize":{"w":230,"h":250}},"PrawnGrabMove00001":{"frame":{"x":3450,"y":1040,"w":230,"h":250},"rotated":false,"trimmed":false,"spriteSourceSize":{"x":0,"y":0,"w":230,"h":250},"sourceSize":{"w":230,"h":250}},"PrawnGrabMove00002":{"frame":{"x":3450,"y":1300,"w":230,"h":250},"rotated":false,"trimmed":false,"spriteSourceSize":{"x":0,"y":0,"w":230,"h":250},"sourceSize":{"w":230,"h":250}},"PrawnGrabMove00003":{"frame":{"x":3450,"y":1560,"w":230,"h":250},"rotated":false,"trimmed":false,"spriteSourceSize":{"x":0,"y":0,"w":230,"h":250},"sourceSize":{"w":230,"h":250}},"PrawnGrabMove00004":{"frame":{"x":3450,"y":1820,"w":230,"h":250},"rotated":false,"trimmed":false,"spriteSourceSize":{"x":0,"y":0,"w":230,"h":250},"sourceSize":{"w":230,"h":250}},"PrawnGrabMove00005":{"frame":{"x":3450,"y":2080,"w":230,"h":250},"rotated":false,"trimmed":false,"spriteSourceSize":{"x":0,"y":0,"w":230,"h":250},"sourceSize":{"w":230,"h":250}},"PrawnGrabMove00006":{"frame":{"x":3450,"y":2340,"w":230,"h":250},"rotated":false,"trimmed":false,"spriteSourceSize":{"x":0,"y":0,"w":230,"h":250},"sourceSize":{"w":230,"h":250}},"PrawnGrabMove00007":{"frame":{"x":3450,"y":2600,"w":230,"h":250},"rotated":false,"trimmed":false,"spriteSourceSize":{"x":0,"y":0,"w":230,"h":250},"sourceSize":{"w":230,"h":250}},"PrawnGrabMove00008":{"frame":{"x":3450,"y":2860,"w":230,"h":250},"rotated":false,"trimmed":false,"spriteSourceSize":{"x":0,"y":0,"w":230,"h":250},"sourceSize":{"w":230,"h":250}},"PrawnGrabMove00009":{"frame":{"x":1440,"y":3266,"w":230,"h":250},"rotated":false,"trimmed":false,"spriteSourceSize":{"x":0,"y":0,"w":230,"h":250},"sourceSize":{"w":230,"h":250}},"PrawnGrabMove00010":{"frame":{"x":1200,"y":3266,"w":230,"h":250},"rotated":false,"trimmed":false,"spriteSourceSize":{"x":0,"y":0,"w":230,"h":250},"sourceSize":{"w":230,"h":250}},"PrawnUngrab00001":{"frame":{"x":960,"y":3266,"w":230,"h":250},"rotated":false,"trimmed":false,"spriteSourceSize":{"x":0,"y":0,"w":230,"h":250},"sourceSize":{"w":230,"h":250}},"PrawnUngrab00002":{"frame":{"x":480,"y":3266,"w":230,"h":250},"rotated":false,"trimmed":false,"spriteSourceSize":{"x":0,"y":0,"w":230,"h":250},"sourceSize":{"w":230,"h":250}},"PrawnUngrab00003":{"frame":{"x":240,"y":3266,"w":230,"h":250},"rotated":false,"trimmed":false,"spriteSourceSize":{"x":0,"y":0,"w":230,"h":250},"sourceSize":{"w":230,"h":250}},"PrawnUngrab00004":{"frame":{"x":0,"y":3266,"w":230,"h":250},"rotated":false,"trimmed":false,"spriteSourceSize":{"x":0,"y":0,"w":230,"h":250},"sourceSize":{"w":230,"h":250}},"PrawnUngrab00005":{"frame":{"x":3210,"y":2860,"w":230,"h":250},"rotated":false,"trimmed":false,"spriteSourceSize":{"x":0,"y":0,"w":230,"h":250},"sourceSize":{"w":230,"h":250}},"PrawnUngrab00006":{"frame":{"x":3210,"y":2600,"w":230,"h":250},"rotated":false,"trimmed":false,"spriteSourceSize":{"x":0,"y":0,"w":230,"h":250},"sourceSize":{"w":230,"h":250}},"PrawnUngrab00007":{"frame":{"x":3210,"y":2340,"w":230,"h":250},"rotated":false,"trimmed":false,"spriteSourceSize":{"x":0,"y":0,"w":230,"h":250},"sourceSize":{"w":230,"h":250}},"PrawnUngrab00008":{"frame":{"x":3210,"y":2080,"w":230,"h":250},"rotated":false,"trimmed":false,"spriteSourceSize":{"x":0,"y":0,"w":230,"h":250},"sourceSize":{"w":230,"h":250}},"PrawnUngrab00009":{"frame":{"x":3210,"y":1820,"w":230,"h":250},"rotated":false,"trimmed":false,"spriteSourceSize":{"x":0,"y":0,"w":230,"h":250},"sourceSize":{"w":230,"h":250}},"PrawnUngrab00010":{"frame":{"x":3210,"y":1560,"w":230,"h":250},"rotated":false,"trimmed":false,"spriteSourceSize":{"x":0,"y":0,"w":230,"h":250},"sourceSize":{"w":230,"h":250}},"PrawnUngrab00011":{"frame":{"x":3210,"y":1300,"w":230,"h":250},"rotated":false,"trimmed":false,"spriteSourceSize":{"x":0,"y":0,"w":230,"h":250},"sourceSize":{"w":230,"h":250}},"spongeCompress00001":{"frame":{"x":0,"y":1816,"w":300,"h":300},"rotated":false,"trimmed":false,"spriteSourceSize":{"x":0,"y":0,"w":300,"h":300},"sourceSize":{"w":300,"h":300}},"spongeCompress00002":{"frame":{"x":2790,"y":2126,"w":300,"h":300},"rotated":false,"trimmed":false,"spriteSourceSize":{"x":0,"y":0,"w":300,"h":300},"sourceSize":{"w":300,"h":300}},"spongeCompress00003":{"frame":{"x":2480,"y":2126,"w":300,"h":300},"rotated":false,"trimmed":false,"spriteSourceSize":{"x":0,"y":0,"w":300,"h":300},"sourceSize":{"w":300,"h":300}},"spongeCompress00004":{"frame":{"x":2170,"y":2126,"w":300,"h":300},"rotated":false,"trimmed":false,"spriteSourceSize":{"x":0,"y":0,"w":300,"h":300},"sourceSize":{"w":300,"h":300}},"spongeCompress00005":{"frame":{"x":1860,"y":2126,"w":300,"h":300},"rotated":false,"trimmed":false,"spriteSourceSize":{"x":0,"y":0,"w":300,"h":300},"sourceSize":{"w":300,"h":300}},"spongeCompress00006":{"frame":{"x":1550,"y":2126,"w":300,"h":300},"rotated":false,"trimmed":false,"spriteSourceSize":{"x":0,"y":0,"w":300,"h":300},"sourceSize":{"w":300,"h":300}},"spongeCompress00007":{"frame":{"x":1240,"y":2126,"w":300,"h":300},"rotated":false,"trimmed":false,"spriteSourceSize":{"x":0,"y":0,"w":300,"h":300},"sourceSize":{"w":300,"h":300}},"spongeCompress00008":{"frame":{"x":930,"y":2126,"w":300,"h":300},"rotated":false,"trimmed":false,"spriteSourceSize":{"x":0,"y":0,"w":300,"h":300},"sourceSize":{"w":300,"h":300}},"spongeCompress00009":{"frame":{"x":620,"y":2126,"w":300,"h":300},"rotated":false,"trimmed":false,"spriteSourceSize":{"x":0,"y":0,"w":300,"h":300},"sourceSize":{"w":300,"h":300}},"spongeCompress00010":{"frame":{"x":310,"y":2126,"w":300,"h":300},"rotated":false,"trimmed":false,"spriteSourceSize":{"x":0,"y":0,"w":300,"h":300},"sourceSize":{"w":300,"h":300}},"spongeCompress00011":{"frame":{"x":0,"y":2436,"w":300,"h":300},"rotated":false,"trimmed":false,"spriteSourceSize":{"x":0,"y":0,"w":300,"h":300},"sourceSize":{"w":300,"h":300}},"spongeExpand00001":{"frame":{"x":2790,"y":1816,"w":300,"h":300},"rotated":false,"trimmed":false,"spriteSourceSize":{"x":0,"y":0,"w":300,"h":300},"sourceSize":{"w":300,"h":300}},"spongeExpand00002":{"frame":{"x":2480,"y":1816,"w":300,"h":300},"rotated":false,"trimmed":false,"spriteSourceSize":{"x":0,"y":0,"w":300,"h":300},"sourceSize":{"w":300,"h":300}},"spongeExpand00003":{"frame":{"x":2170,"y":1816,"w":300,"h":300},"rotated":false,"trimmed":false,"spriteSourceSize":{"x":0,"y":0,"w":300,"h":300},"sourceSize":{"w":300,"h":300}},"spongeExpand00004":{"frame":{"x":1860,"y":1816,"w":300,"h":300},"rotated":false,"trimmed":false,"spriteSourceSize":{"x":0,"y":0,"w":300,"h":300},"sourceSize":{"w":300,"h":300}},"spongeExpand00005":{"frame":{"x":1550,"y":1816,"w":300,"h":300},"rotated":false,"trimmed":false,"spriteSourceSize":{"x":0,"y":0,"w":300,"h":300},"sourceSize":{"w":300,"h":300}},"spongeExpand00006":{"frame":{"x":1240,"y":1816,"w":300,"h":300},"rotated":false,"trimmed":false,"spriteSourceSize":{"x":0,"y":0,"w":300,"h":300},"sourceSize":{"w":300,"h":300}},"spongeExpand00007":{"frame":{"x":930,"y":1816,"w":300,"h":300},"rotated":false,"trimmed":false,"spriteSourceSize":{"x":0,"y":0,"w":300,"h":300},"sourceSize":{"w":300,"h":300}},"spongeExpand00008":{"frame":{"x":620,"y":1816,"w":300,"h":300},"rotated":false,"trimmed":false,"spriteSourceSize":{"x":0,"y":0,"w":300,"h":300},"sourceSize":{"w":300,"h":300}},"spongeExpand00009":{"frame":{"x":310,"y":1816,"w":300,"h":300},"rotated":false,"trimmed":false,"spriteSourceSize":{"x":0,"y":0,"w":300,"h":300},"sourceSize":{"w":300,"h":300}},"spongeExpand00010":{"frame":{"x":0,"y":2126,"w":300,"h":300},"rotated":false,"trimmed":false,"spriteSourceSize":{"x":0,"y":0,"w":300,"h":300},"sourceSize":{"w":300,"h":300}},"statueGlow00001":{"frame":{"x":3690,"y":0,"w":108,"h":200},"rotated":false,"trimmed":false,"spriteSourceSize":{"x":0,"y":0,"w":108,"h":200},"sourceSize":{"w":108,"h":200}},"statueGlow00002":{"frame":{"x":3690,"y":1680,"w":108,"h":200},"rotated":false,"trimmed":false,"spriteSourceSize":{"x":0,"y":0,"w":108,"h":200},"sourceSize":{"w":108,"h":200}},"statueGlow00003":{"frame":{"x":3690,"y":210,"w":108,"h":200},"rotated":false,"trimmed":false,"spriteSourceSize":{"x":0,"y":0,"w":108,"h":200},"sourceSize":{"w":108,"h":200}},"statueGlow00004":{"frame":{"x":3690,"y":420,"w":108,"h":200},"rotated":false,"trimmed":false,"spriteSourceSize":{"x":0,"y":0,"w":108,"h":200},"sourceSize":{"w":108,"h":200}},"statueGlow00005":{"frame":{"x":3690,"y":630,"w":108,"h":200},"rotated":false,"trimmed":false,"spriteSourceSize":{"x":0,"y":0,"w":108,"h":200},"sourceSize":{"w":108,"h":200}},"statueGlow00006":{"frame":{"x":3690,"y":840,"w":108,"h":200},"rotated":false,"trimmed":false,"spriteSourceSize":{"x":0,"y":0,"w":108,"h":200},"sourceSize":{"w":108,"h":200}},"statueGlow00007":{"frame":{"x":3690,"y":1050,"w":108,"h":200},"rotated":false,"trimmed":false,"spriteSourceSize":{"x":0,"y":0,"w":108,"h":200},"sourceSize":{"w":108,"h":200}},"statueGlow00008":{"frame":{"x":3690,"y":1260,"w":108,"h":200},"rotated":false,"trimmed":false,"spriteSourceSize":{"x":0,"y":0,"w":108,"h":200},"sourceSize":{"w":108,"h":200}},"statueGlow00009":{"frame":{"x":3690,"y":1470,"w":108,"h":200},"rotated":false,"trimmed":false,"spriteSourceSize":{"x":0,"y":0,"w":108,"h":200},"sourceSize":{"w":108,"h":200}},"statueGlow00010":{"frame":{"x":3690,"y":3360,"w":108,"h":200},"rotated":false,"trimmed":false,"spriteSourceSize":{"x":0,"y":0,"w":108,"h":200},"sourceSize":{"w":108,"h":200}},"statueGlow00011":{"frame":{"x":3690,"y":1890,"w":108,"h":200},"rotated":false,"trimmed":false,"spriteSourceSize":{"x":0,"y":0,"w":108,"h":200},"sourceSize":{"w":108,"h":200}},"statueGlow00012":{"frame":{"x":3690,"y":2100,"w":108,"h":200},"rotated":false,"trimmed":false,"spriteSourceSize":{"x":0,"y":0,"w":108,"h":200},"sourceSize":{"w":108,"h":200}},"statueGlow00013":{"frame":{"x":3690,"y":2310,"w":108,"h":200},"rotated":false,"trimmed":false,"spriteSourceSize":{"x":0,"y":0,"w":108,"h":200},"sourceSize":{"w":108,"h":200}},"statueGlow00014":{"frame":{"x":3690,"y":2520,"w":108,"h":200},"rotated":false,"trimmed":false,"spriteSourceSize":{"x":0,"y":0,"w":108,"h":200},"sourceSize":{"w":108,"h":200}},"statueGlow00015":{"frame":{"x":3690,"y":2730,"w":108,"h":200},"rotated":false,"trimmed":false,"spriteSourceSize":{"x":0,"y":0,"w":108,"h":200},"sourceSize":{"w":108,"h":200}},"statueGlow00016":{"frame":{"x":3690,"y":2940,"w":108,"h":200},"rotated":false,"trimmed":false,"spriteSourceSize":{"x":0,"y":0,"w":108,"h":200},"sourceSize":{"w":108,"h":200}},"statueGlow00017":{"frame":{"x":3690,"y":3150,"w":108,"h":200},"rotated":false,"trimmed":false,"spriteSourceSize":{"x":0,"y":0,"w":108,"h":200},"sourceSize":{"w":108,"h":200}},"offBackdrop":{"frame":{"x":0,"y":0,"w":3200,"h":1806},"rotated":false,"trimmed":false,"spriteSourceSize":{"x":0,"y":0,"w":3200,"h":1806},"sourceSize":{"w":3200,"h":1806}}},"meta":{"app":"https://www.leshylabs.com/apps/sstool/","version":"Leshy SpriteSheet Tool v0.8.4","image":"shallowsSpritesheet.png","size":{"w":3798,"h":3870},"scale":1}}